397|LAS CHOAPAS|VERACRUZ|LAS CHOAPAS|LAS CHOAPAS|null|REVOLUCION|202|CENTRO|96980|INDEPENDENCIA|JOSE Ma MORELOS|2370883|null|100| L a V  |09:00 - 16:00| | | | |-94.09082|17.916075| |^451|AGUA DULCE VER|VERACRUZ|AGUA DULCE|AGUA DULCE|null|FRANCISCO I MADERO ESQUINA LA VENTA|L-6 AL 10|CUATRO CAMINOS|96660|LA VENTA|C  SERDAN|2331764|null|100| L a V  |09:00 - 16:00| | | | |-94.14692|18.143002| |^466|NANCHITAL VER|VERACRUZ|NANCHITAL|HIGO|null|5 DE MAYO ESQ HIDALGO|S/N|PRIMERO DE MAYO|96360|5 DE FEBRERO|HIDALGO|2160055|null|100| L a V  |09:00 - 16:00| | | | |-94.412636|18.071245| |^169|COATZACOALCOS|VERACRUZ|COATZACOALCOS|COATZACOALCOS|null|BENITO JUAREZ|SN|CENTRO|96400|JOSE MARIA MORELOS Y PAVON|VENUSTIANO CARRANZA|2120818|null|100| L a V  |09:00 - 16:00| |09:00 - 16:00| | |-94.414215|18.146036| |^879|ZARAGOZA COATZACOALCOS|VERACRUZ|COATZACOALCOS|COATZACOALCOS|null|AVENIDA VICENTE GUERRERO|SN|CENTRO|96400|IGNACIO ZARAGOZA|BENITO JUAREZ|2129470|null|100| L a V  |09:00 - 16:00| | | | |-94.42175|18.14563| |^803|C.F. PUERTO MEXICO|VERACRUZ|COATZACOALCOS|COATZACOALCOS|null|MIGUEL HIDALGO|SN|CENTRO|96400|MELCHOR OCAMPO|MARIANO MATAMOROS|2148311|null|100| L a V  |10:00 - 17:00| | | | |-94.43268|18.142328| |^757|CANGREJERA|VERACRUZ|COATZACOALCOS|COATZACOALCOS|null|CARRETERA A VILLAHERMOSA|KM 03|CENTRO|96400|MIGUEL ANGEL DE QUEVEDO|CARRETERA MINATITLAN COATZACOALCOS|2144981|null|100| L a V  |09:00 - 16:00| | | | |-94.43631|18.13034| |^8214|PLAZA DEL MAR|VERACRUZ|COATZACOALCOS|COATZACOALCOS|null|AVENIDA MALECON COSTERO JOHN SPARKS|1701|FRACCIONAMIENTO PARAISO|96536|PALMAS|DAVID ALFARO SIQUEIROS|2185103||100| L a V  |10:00 - 17:00| |10:00 - 17:00| | |-94.46985|18.149536| |^4314|PLAZA MANATI|VERACRUZ|COATZACOALCOS|COATZACOALCOS|null|AVENIDA UNIVERSIDAD VERACRUZANA (ANT CAMINO A MINATITLAN)|KM 5 #1|PENSIONES|96536|AVENIDA LAS PALMAS|null|2186364|null|100| L a V  |09:00 - 16:00| |09:00 - 16:00| | |-94.4758|18.142948| |^219|MINATITLAN VER|VERACRUZ|MINATITLAN|MINATITLAN|null|MIGUEL HIDALGO|86|CENTRO|96700|EMILIO CARRANZA|10 DE MAYO|2236881|null|100| L a V  |09:00 - 16:00| | | | |-94.55863|17.99928| |^804|JUSTO SIERRA|VERACRUZ|MINATITLAN|MINATITLAN|null|JUSTO SIERRA|SN|AZTECA|96918|CRISTOBAL COLON|ANT CARR A COATZACOALCOS|2236892|null|100| L a V  |09:00 - 16:00| | | | |-94.56574|18.030182| |^8216|INSURGENTES MINA|VERACRUZ|MINATITLAN|MINATITLAN|null|BOULEVARD INSTITUTO TECNOLOGICO|167|INSURGENTES SUR|96710|BENITO JUAREZ|EMILIANO ZAPATA|2418366|null|100| L a V  |09:00 - 16:00| | | | |-94.577614|17.9934| |^381|JALTIPAN|VERACRUZ|JALTIPAN|JALTIPAN|null|MORELOS ESQUINA LEANDRO VALLE|S/N|CENTRO|96200|LEONDRO VALLE|RAMON CORONA|2642382|null|100| L a V  |09:00 - 16:00| | | | |-94.71732|17.964067| |^263|ACAYUCAN|VERACRUZ|ACAYUCAN|ACAYUCAN|null|GUADALUPE VICTORIA|19-A|CENTRO|96000|N BRAVO|MELCHOR OCAMPO|2451255|null|100| L a V  |09:00 - 16:00| | | | |-94.91341|17.947706| |^7129|CHEDRAUI ACAYUCAN|VERACRUZ|ACAYUCAN|ACAYUCAN|null|JUAN DE LA LUZ ENRIQUEZ|711|LA PALMA|96056|RAMON CORONA|YUCATAN|2459973|null|100| L a V  |09:00 - 16:00| |09:00 - 16:00| | |-94.91561|17.948181| |^332|SAN ANDRES TUXTLA VER|VERACRUZ|SAN ANDRES TUXTLA|SAN ANDRES TUXTLA|null|FRANCISCO I MADERO|4|CENTRO|95700|REFORMA OTE|SALVADOR DIAZ MIRON|9421350|null|100| L a V  |09:00 - 16:00| | | | |-95.213005|18.446388| |^6494|CENTRO TUXTLAS|VERACRUZ|SAN ANDRES TUXTLA|SAN ANDRES TUXTLA|null|AVENIDA VENUSTIANO CARRANZA|11|CENTRO|95700|BERNARDO PE~A|RASCON| ||100| L a V  |10:00 - 17:00| | | | |-95.21402|18.448347| |^9307|SANTIAGO TUXTLA|VERACRUZ|SANTIAGO TUXTLA|SANTIAGO TUXTLA|null|CARRETERA FEDERAL|S/N|CENTRO|95830|GUERRERO|RIO TEPANGO|9471726|null|100| L a V  |09:00 - 16:00| | | | |-95.37343|18.469818| |^4632|RODRIGUEZ CLARA|VERACRUZ|JUAN RODRIGUEZ CLARA|JUAN RODRIGUEZ CLARA|null|MIGUEL HIDALGO|703|CENTRO|95670|ABASOLO|J DE LA LUZ E|8770895|null|100| L a V  |09:00 - 16:00| | | | |-95.40299|17.9885| |^5187|LERDO DE TEJADA|VERACRUZ|VERACRUZ|LERDO DE TEJADA|null|INDEPENDENCIA|358|CENTRO|95280|CASI ESQUINA BRAVO||9891464||100| L a V  |09:00 - 14:00| | | | |-95.52018|18.631687| |^465|ISLA VER|VERACRUZ|ISLA|ISLA|null|INGENIERO RAUL SANDOVAL|52|CENTRO|95640|CUAUHTEMOC|NETZAHUATLCOYOTL|8740400|null|100| L a V  |09:00 - 16:00| | | | |-95.52927|18.030739| |^801|COSAMALOAPAN VER|VERACRUZ|COSAMALOAPAN|COSAMALOAPAN|null|VENUSTIANO CARRANZA ESQUINA RUIZ CORTINE|S/N|CENTRO|95400|SIN NOMBRE|SIN NOMBRE|8821122|null|100| L a V  |09:00 - 16:00| |09:00 - 16:00| | |-95.971306|18.260658| |^9407|PLAZA DEL RIO|VERACRUZ|BOCA DEL RIO|BOCA DEL RIO|null|BOULEVARD PRESIDENTES (MIGUEL ALEMAN)|3750|CENTRO|94290|VIA MUERTA|null|9864194|null|100| L a V  |09:00 - 16:00| | | | |-96.10648|19.10559| |^604|CONTINENTAL|VERACRUZ|BOCA DEL RIO|BOCA DEL RIO|null|RANCHO VIEJO|3495|JARDINES DE MOCAMBO|94299|CALZADA ADOLFO RUIZ CORTINES|CAMELLON|9891523|null|100| L a V  |09:00 - 16:00| | | | |-96.10681|19.14057| |^939|LAS AMERICAS|VERACRUZ|BOCA DEL RIO|BOCA DEL RIO|null|CIRCUITO COMERCIAL PLAZA LAS AMERICAS LOCAL 14 Y 15|0|JARDINES DE MOCAMBO|91940|EJERCITO MEXICANO|BOULEVARD ADOLFO RUIZ CORTINEZ|9219723|null|100| L a V  |09:00 - 16:00| |09:00 - 16:00| | |-96.10715|19.140804| |^7998|SORIANA BOCA DEL RIO|VERACRUZ|BOCA DEL RIO|BOCA DEL RIO|null|CALZADA RUIZ CORTINEZ|3495|FRACCIONAMIENTO SUTSEM|94294|JUAN PABLO II||9891589||100| L a V  |09:00 - 16:00| |09:00 - 16:00| | |-96.108925|19.160591| |^4017|PLAZA MOCAMBO|VERACRUZ|BOCA DEL RIO|BOCA DEL RIO|null|JUAN PABLO II|48|FRACCIONAMIENTO JARDINES DE VIRGIN|94294|CENTRO COMERCIAL PLAZA MOCAMBO LOCALES E7E8 Y E9||9220412|COMERCIAL MEXICANA|100| L a V  |09:00 - 16:00| |09:00 - 16:00| | |-96.109436|19.159407| |^655|BOCA DEL RIO|VERACRUZ|BOCA DEL RIO|BOCA DEL RIO|null|S.S. JUAN PABLO II|1555|FRACCIONAMIENTO COSTA VERDE|94294|AVENIDA FRAMBOYANOS|AVENIDA COSTA VERDE|9215066|null|100| L a V  |09:00 - 16:00| | | | |-96.11839|19.159286| |^4327|PLAZA ACUARIO|VERACRUZ|VERACRUZ|VERACRUZ|null|BOULEVARD MANUEL AVILA CAMACHO|S/N|FAROS|91709|AVENIDA XICONTENCATL|JUAN ENRIQUEZ|9324616|null|100| L a V  |09:00 - 16:00| | | | |-96.12346|19.187187| |^938|ESPA~A|VERACRUZ|VERACRUZ|VERACRUZ|null|JOSE MARTI|462|FRACCIONAMIENTO REFORMA|91919|CRISTOBAL DE OLID|HERIBERTO JARA CORONA|9374525|null|100| L a V  |09:00 - 16:00| | | | |-96.124756|19.169785| |^485|REFORMA|VERACRUZ|VERACRUZ|VERACRUZ|null|CALZADA SIMON BOLIVAR|900|IGNACIO ZARAGOZA|91910|AVENIDA 2 DE ABRIL|AVENIDA MANUEL NEGRETE|9891595|null|100| L a V  |09:00 - 16:00| |09:00 - 16:00| | |-96.12928|19.174685| |^4326|FLORESTA|VERACRUZ|VERACRUZ|VERACRUZ|null|SALVADOR DIAZ MIRON|S/N|EL MAESTRO|91920|LEOPOLDO|AVENIDA DIAZ MIRON|9372137|null|100| L a V  |09:00 - 16:00| | | | |-96.132454|19.162704| |^9032|EJERCITO MEXICANO|VERACRUZ|BOCA DEL RIO|BOCA DEL RIO|null|PASEO EJERCITO MEXICANO PTE|3750|LAS ANTILLAS|91936|CANAL DE LAS ZAMORANAS|SAN JOSE DE CALASANZ|1309537|null|100| L a V  |10:00 - 17:00| |10:00 - 17:00| | |-96.13356|19.14479| |^4741|PARQUE ZAMORA|VERACRUZ|VERACRUZ|VERACRUZ|null|GENERAL PRIM|84|CENTRO|91700|IGNACIO LOPEZ RAYON|VICTIMAS DEL 25 DE JUNIO|9328993|null|100| L a V  |09:00 - 16:00| | | | |-96.134865|19.195475| |^239|0.F. VILLA RICA|VERACRUZ|VERACRUZ|VERACRUZ|null|AVENIDA 5 DE MAYO|315|FAROS|91709|ESTEBAN MORALES|FRANCISCO CANAL|9315469|null|100| L a V  |09:00 - 16:00| | | | |-96.13788|19.196678| |^8217|MERCADO VERACRUZ|VERACRUZ|VERACRUZ|VERACRUZ|null|HERNAN CORTES|376|CENTRO|91700|NICOLAS BRAVO|AVENIDA VICENTE GUERRERO|9550554|null|100| L a V  |09:00 - 16:00| |09:00 - 16:00| | |-96.13931|19.19312| |^134|VERACRUZ VER|VERACRUZ|VERACRUZ|VERACRUZ|null|INDEPENDENCIA|1027|CENTRO|91700|BENITO JUAREZ|ZAMORA| ||100| L a V  |09:00 - 16:00| | | | |-96.13955|19.201097| |^940|EMPARAN|VERACRUZ|VERACRUZ|VERACRUZ|null|AVENIDA 5 DE MAYO|262|CENTRO|91700|EMPARAN|JUAREZ|9327641|null|100| L a V  |09:00 - 16:00| | | | |-96.141335|19.201042| |^9607|CM CIRCUNVALACION|VERACRUZ|VERACRUZ|VERACRUZ|null|MIGUEL ANGEL DE QUEVEDO|5750|PASCUAL ORTIZ RUBIO|91750|ALCOCER|JUAN ENRIQUEZ|1785648|null|100| L a V  |09:00 - 16:00| | | | |-96.14394|19.179285| |^7476|CHEDRAUI COYOL|VERACRUZ|VERACRUZ|VERACRUZ|null|EJE 1 PONIENTE LOTE 1 CUARTEL XV|0|UNIDAD HABITACIONAL EL COYOL|91760|ESQUINA EJE 1 SUR|INTERIOR CENTRO COMER. CHEDRAUI|9398057||100| L a V  |09:00 - 16:00| |09:00 - 16:00| | |-96.15613|19.170849| |^4289|LOS PINOS|VERACRUZ|VERACRUZ|VERACRUZ|null|AVENIDA MATAMOROS|1056|FRACCIONAMIENTO LOS PINOS|91870|CASI ESQ. CARMEN PEREZ|null|9385107|null|100| L a V  |09:00 - 16:00| |09:00 - 16:00| | |-96.16245|19.205006| |^4690|LAS BRISAS|VERACRUZ|VERACRUZ|VERACRUZ|null|AVENIDA DR JOAQUIN PEREA BLANCO|1150|LAS BRISAS|91800|DOCTOR RAFAEL CUERVO X|AVENIDA CAMINO REAL|9866944|null|100| L a V  |09:00 - 16:00| |09:00 - 16:00| | |-96.19003|19.213829| |^812|CD INDUSTRIAL FRAMBOYAN|VERACRUZ|VERACRUZ|VERACRUZ|null|FFCC A SANTA RITA|LOTE 2A|VALENTE DIAZ Y LA LOMA|91698|AUTOP A VERACRUZ|AVENIDA HIPOLITO SALDA-A CARRERA|9810386|null|100| L a V  |09:00 - 16:00| | | | |-96.23443|19.171162| |^217|TIERRA BLANCA VER|VERACRUZ|TIERRA BLANCA|TIERRA BLANCA|null|INDEPENDENCIA|602|CENTRO|95100|MORELOS AV|AVENIDA AQUILES SERDAN|7430199|null|100| L a V  |09:00 - 16:00| | | | |-96.36007|18.446724| |^611|CARDEL|VERACRUZ|VILLA JOSE CARDEL|LA ANTIGUA|null|FLORES MAGON|11|CENTRO|91680|EMILIANO ZAPATA|VENUSTIANO CARRANZA|9622486|null|100| L a V  |09:00 - 16:00| |09:00 - 16:00| | |-96.37011|19.379202| |^4813|SAN JUAN DE LA PUNTA|VERACRUZ|CUITLAHUAC|CUITLAHUAC|null|AVENIDA 1|425 ENTRE|CENTRO|93420|C 5|C 3|7321246|null|100| L a V  |09:00 - 16:00| | | | |-96.72081|18.811811| |^6481|RAFAEL CUERVO|VERACRUZ|VERACRUZ|PASO DEL MACHO|null|AVENIDA SANCHEZ LOYO|56|PRINCIPAL|94970|NACIONAL||7252352||100| L a V  |09:00 - 16:00| | | | |-96.72457|18.970846| |^288|MISANTLA VER|VERACRUZ|MISANTLA|MISANTLA|null|ZARAGOZA|109-B ESQ|CENTRO|93820|ACUNA|CONSTITUCION G ALCOLEA|3230811|null|100| L a V  |09:00 - 16:00| |09:00 - 16:00| | |-96.85289|19.927483| |^299|SAN RAFAEL|VERACRUZ|MARTINEZ DE LA TORRE|MARTINEZ DE LA TORRE|null|RIBERA DEL RIO|53|SAN RAFAEL|93620|INDEPENDENCIA|REVOLUCION|3250139|null|100| L a V  |09:00 - 16:00| | | | |-96.86506|20.18748| |^7128|AMERICAS XALAPA|VERACRUZ|JALAPA|JALAPA|null|AVENIDA LAZARO CARDENAS CARR JALAPA PASO DE OVEJAS|KM 2|PASTORESA|91193|RAFAEL FUENTES BOETINGER|CARRETERA LAS TRANCAS-LOMAS VERDES|8138153|null|100| L a V  |09:00 - 16:00| |09:30 - 20:30| | |-96.877075|19.512848| |^4656|HACIENDA ANIMAS|VERACRUZ|JALAPA|JALAPA|null|LAZARO CARDENAS|S/N L 66|JARDINES DE LAS ANIMAS|91190|PASEO DE LAS PALMAS|PASEO DE LAS ARAUCARIAS|8136401|null|100| L a V  |09:00 - 16:00| |09:00 - 16:00| | |-96.89361|19.522453| |^974|PLAZA CRISTAL|VERACRUZ|JALAPA|JALAPA|null|AVENIDA LAZARO CARDENAS|LOC 12|ENCINAL|91180|ENCANTO|AVENIDA ANTONIO CHEDRAUI|8149058|null|100| L a V  |09:00 - 16:00| |09:00 - 16:00| | |-96.908104|19.536154| |^4591|SEC UNIV VERACRUZANA|VERACRUZ|JALAPA|JALAPA|null|CIRCUITO GONZALO AGUIRRE BELTRAN|S/N|ZONA UNIVERSITARIA|91090|PERGOLA|null|8174809|null|100| L a V  |09:00 - 16:00| | | | |-96.917404|19.519152| |^101|C.F. JALAPA|VERACRUZ|JALAPA|JALAPA|null|JALAPE~OS ILUSTRES|S/N|ENSUE¥O|91060|GUTIERREZ ZAMORA|J M MATA|8180362|null|100| L a V  |09:00 - 16:00| | | | |-96.92063|19.527544| |^9308|XALLITIC|VERACRUZ|JALAPA|JALAPA|null|POETA JESUS DIAZ|107 Y 109|CENTRO|91000|ESQUINA RAFAEL LUCIO|null|8415098|null|100| L a V  |09:00 - 16:00| | | | |-96.922424|19.532803| |^4016|CM JALAPA|VERACRUZ|JALAPA|JALAPA|null|AVENIDA XALAPA|279|UNIDAD DEL BOSQUE, PENSIONES|91010|MEDICOS|ESPERANZA BRINGAS|8400380|COMERCIAL MEXICANA|100| L a V  |11:00 - 18:00| |09:00 - 16:00| | |-96.928314|19.559887| |^89|AVILA CAMACHO|VERACRUZ|JALAPA|JALAPA|null|AVENIDA MANUEL AVILA CAMACHO|243|UNIDAD VERACRUZANA|91030|ACAYUCAN|CALZADA DE LAS PALMA|8151000|null|100| L a V  |09:00 - 16:00| | | | |-96.9286|19.539078| |^4823|HUILANGO|VERACRUZ|CORDOBA|CORDOBA|null|CALLE 9|220|CENTRO|94500|AVENIDA 2|AVENIDA 4|7128998|null|100| L a V  |09:00 - 16:00| |09:00 - 16:00| | |-96.93182|18.893064| |^4181|PLAZA MUSEO|VERACRUZ|JALAPA|JALAPA|null|LUCIO BLANCO|458|OBRERO CAMPESINA|91020|FRANCISCO MORALES|DEL MUSEO|8147471|null|100| L a V  |09:00 - 16:00| |09:00 - 16:00| | |-96.93349|19.548817| |^103|CORDOBA VER|VERACRUZ|CORDOBA|CORDOBA|null|AVENIDA 3|508|CENTRO|94500|CALLE 5|CALLE 7|7120664|null|100| L a V  |09:00 - 16:00| | | | |-96.93388|18.892817| |^9608|LA PATRONA CORDOBA|VERACRUZ|CORDOBA|CORDOBA|null|CARRETERA CORDOBA-VERACRUZ KM 340.5|S/N|ZONA INDUSTRIAL|94690|CALLE 43|OTHON ARRONIZ|7126025|null|100| L a V  |09:00 - 16:00| | | | |-96.93406|18.867277| |^9609|COAPEXPAN XALAPA|VERACRUZ|JALAPA|JALAPA|null|IGNACIO DE LA LLAVE|59|SALUD|91070|NARANJO|IGNACIO DE LA LLAVE|8181106|null|100| L a V  |09:00 - 16:00| | | | |-96.93435|19.526722| |^815|C.F. CORDOBA|VERACRUZ|CORDOBA|CORDOBA|null|AVENIDA 3|112|CENTRO|94500|CALLE 3|CALLE 1|7142399|null|100| L a V  |09:00 - 16:00| | | | |-96.93485|18.893696| |^585|BANDERILLA|VERACRUZ|BANDERILLA|BANDERILLA|null|B. JUAREZ|92-A|CENTRO|91300|MELCHOR OCAMPO|5 DE FEBRERO|8110041|null|100| L a V  |09:00 - 16:00| | | | |-96.94463|19.59023| |^238|COATEPEC VER|VERACRUZ|COATEPEC|COATEPEC|null|ALDAMA|10|CENTRO|91500|MIGUEL HIDALGO|CONSTITUCION|8160043|null|100| L a V  |09:00 - 16:00| |09:00 - 16:00| | |-96.960434|19.452902| |^478|HUATUSCO|VERACRUZ|HUATUSCO|HUATUSCO|null|AVENIDA 2 PONIENTE|316|HUATUSCO|94100|2 NORTE|4 NORTE|7340203|null|100| L a V  |09:00 - 16:00| | | | |-96.96399|19.150364| |^9658|SHANGRI LA FORTIN|VERACRUZ|FORTIN DE LAS FLORES|FORTIN DE LAS FLORES|null|BULEVARD CORDOBA FORTIN|4021 -D|SHANGRI LA FORTIN|94476||| ||100| L a V  |09:00 - 16:00| | | | |-96.964195|18.900621| |^58|FORTIN|VERACRUZ|FORTIN DE LAS FLORES|FORTIN DE LAS FLORES|null|AVENIDA 1 OTE|204|CENTRO|94700|CALLE 3 SUR|CALLE 1 SUR|7130074|null|100| L a V  |09:00 - 16:00| | | | |-96.99776|18.899855| |^6453|COSCOMATEPEC|VERACRUZ|CORDOBA|FORTIN DE LAS FLORES|null|CARR FED FORTIN HUATUSCO KM 23|sn|CENTRO|94140|FORTIN|AVENIDAS 1 Y 3| ||100| L a V  |09:00 - 16:00| | | | |-97.041245|19.073288| |^7123|VILLA INDEPENDENCIA|VERACRUZ|MARTINEZ DE LA TORRE|MARTINEZ DE LA TORRE|null|BOULEVARD MANUEL AVILA CAMACHO|S/N|INDEPENDENCIA|93600|1er DE MAYO|ADALBERTO TEJEDA|3243532|null|100| L a V  |10:00 - 17:00| |09:30 - 20:30| | |-97.05139|20.057503| |^331|MARTINEZ DE LA TORRE|VERACRUZ|MARTINEZ DE LA TORRE|MARTINEZ DE LA TORRE|null|AVILA CAMACHO ESQ GUERRERO|S/N|CENTRO|93600|GUERRERO|JOSE MARIA MORELOS|3242526|null|100| L a V  |09:00 - 16:00| | | | |-97.05376|20.062187| |^700|IXTACZOQUITLAN|VERACRUZ|IXTACZOQUITLAN|IXTACZOQUITLAN|null|CARRETERA NACIONAL MEXICO VERACRUZ|KM 320|CENTRO|94450|JOSE MARIA MORELOS Y PAVON|CALZADA RUIS GALINDO|7210303|null|100| L a V  |09:00 - 16:00| | | | |-97.063446|18.860088| |^175|GUTIERREZ ZAMORA|VERACRUZ|GUTIERREZ ZAMORA|GUTIERREZ ZAMORA|null|MANUEL AVILA CAMACHO|20|CENTRO|93550|HERNANDEZ Y HERNANDEZ|H GALEONA|8450046|null|100| L a V  |09:00 - 16:00| | | | |-97.08345|20.450504| |^4290|PLUVIOSILLA|VERACRUZ|ORIZABA|ORIZABA|null|AVENIDA ORIENTE|6|CENTRO|94300|CALLE SUR 23|CALLE SUR 25|7243153||100| L a V  |09:00 - 16:00| |09:00 - 16:00| | |-97.09295|18.848083| |^121|ORIZABA|VERACRUZ|ORIZABA|ORIZABA|null|FRANCISCO I MADERO SUR|84|CENTRO|94300|AVENIDA ORIENTE 6|AVENIDA ORIENTE 8|7252522|null|100| L a V  |09:00 - 16:00| | | | |-97.1043|18.846052| |^7126|PICO DE ORIZABA|VERACRUZ|ORIZABA|ORIZABA|null|AVENIDA ORIENTE|31|ABELARDO L RODRIGUEZ|94310|PROLONGACION NORTE 4|PROLONGACION NORTE 2|7266655|null|100| L a V  |09:00 - 16:00| |09:00 - 16:00| | |-97.11268|18.869637| |^816|RIO BLANCO|VERACRUZ|RIO BLANCO|RIO BLANCO|null|CAMINO NACIONAL|250|CONGRESO V GUERRERO|94730|GUADALUPE VICTORIA|SANTA JULIA|7253825|null|100| L a V  |09:00 - 16:00| | | | |-97.13661|18.83852| |^295|CIUDAD MENDOZA|VERACRUZ|CIUDAD MENDOZA|CAMERINO Z. MENDOZA|null|HIDALGO|326|CENTRO|94740|VALLARTA|IGNACIO ZARAGOZA|7270795|null|100| L a V  |09:00 - 16:00| | | | |-97.18943|18.795818| |^247|TLAPACOYAN|VERACRUZ|TLAPACOYAN|TLAPACOYAN|null|CUAUHTEMOC|300|CENTRO|93650|C MIGUEL HIDALGO|H DE LA TLAPACOYAN|3150453|null|100| L a V  |09:00 - 16:00| | | | |-97.216484|19.961435| |^619|PEROTE|VERACRUZ|PEROTE|PEROTE|null|MADERO ENTRE HUMBOLT E HIDALGO|S/N|CENTRO|97751|ALEJANDRO HUMBOLT|MIGUEL HIDALGO|2852312|null|100| L a V  |09:00 - 16:00| |09:00 - 16:00| | |-97.24354|19.561647| |^4630|ALTOTONGA|VERACRUZ|ALTOTONGA|ALTOTONGA|null|MIGUEL HIDALGO|38|CENTRO|93700|16 DE SEPTIEMBRE|REBSAMEN|3160849|null|100| L a V  |09:00 - 16:00| | | | |-97.24516|19.76542| |^177|PAPANTLA VER|VERACRUZ|PAPANTLA|PAPANTLA|null|JUAN ENRIQUEZ|102|PAPANTLA DE OLARTE|93400|JOSE MARIA PINO SUAREZ|BENITO JUAREZ|8420084|null|100| L a V  |09:00 - 16:00| | | | |-97.32255|20.444859| |^546|TUXPAN|VERACRUZ|TUXPAM|TUXPAM|null|JUAREZ Y CORREGIDORA|SN|CENTRO|92800|BULEVAD REYES HEROLES|IGNACIO ALLENDE|8340840||100| L a V  |09:00 - 16:00| | | | |-97.40716|20.953808| |^9406|PATIO POZA RICA|VERACRUZ|POZA RICA|POZA RICA|null|CARRETERA POZA RICA-CAZONES|KM 50|LA RUEDA|93306|HERNANDEZ|OTO~O|1115669|null|100| L a V  |11:00 - 18:00| |10:00 - 17:00| | |-97.43885|20.563343| |^889|18 DE MARZO|VERACRUZ|POZA RICA|POZA RICA|null|BOULEVARD ADOLFO RUIZ CORTINES|1610|FRACCIONAMIENTO LAS PALMAS|93230|AVENIDA LAS PALMAS|AVENIDA 1|8233647|null|100| L a V  |09:00 - 16:00| | | | |-97.451035|20.546904| |^600|MERCADO POZA RICA|VERACRUZ|POZA RICA|POZA RICA|null|CALLE 6 NTE|15|OBRERA|93260|CALLE 2 OTE|AVENIDA CENTRAL OTE|8266904|null|100| L a V  |09:00 - 16:00| |09:00 - 16:00| | |-97.46067|20.525635| |^213|POZA RICA VER|VERACRUZ|POZA RICA|POZA RICA|null|AVENIDA HERIBERTO KEHOE VINCENT|SN|OBRERA|93260|CALLE 10 OTE|CALLE 12 OTE|8220150|null|100| L a V  |09:00 - 16:00| | | | |-97.461464|20.528465| |^5186|COATZINTLA|VERACRUZ|VERACRUZ|COATZINTLA|null|BULEVAD ADOLFO LOPEZ MATEOS SIN NÚMERO ESQUINA RIVERA| |ADOLFO LOPEZ MATEOS|93160|RIVERA|FRANCISCO VILLA|8233722||100| L a V  |09:00 - 14:00| | | | |-97.46997|20.496601| |^4313|PLAZA TAJIN|VERACRUZ|POZA RICA|POZA RICA|null|BOULEVARD LAZARO CARDENAS|807|MORELOS|93340|MARISCAL SUCRE|SILVERIO PEREZ|8236698|null|100| L a V  |10:00 - 17:00| |09:00 - 16:00| | |-97.47123|20.535353| |^4029|TIHUATLAN|VERACRUZ|TIHUATLAN|TIHUATLAN|null|AVENIDA CUAUHTEMOC|27|CENTRO|92900|LEONA VICARIO|SOR JUANA INES DE LA CRUZ|8430954|null|100| L a V  |09:00 - 16:00| | | | |-97.53706|20.720545| |^4812|ALAMO|VERACRUZ|ALAMO|TEMAPACHE|null|INDEPENDENCIA|174-A|CENTRO|94910|I DE LA LLAVE|MAESTROS|8449258|null|100| L a V  |09:00 - 16:00| | | | |-97.6774|20.918324| |^4643|NARANJOS|VERACRUZ|NARANJOS|NARANJAL|null|AVENIDA 16 DE SEPTIEMBRE|S/N|CENTRO|92300|NARANJOS|JAVIER MINA|8552697|null|100| L a V  |09:00 - 16:00| |09:00 - 16:00| | |-97.687355|21.349302| |^7999|CERRO AZUL|VERACRUZ|VERACRUZ|VERACRUZ|null|INDEPENDENCIA|1|CAMPO 1RO DE MAYO|95510|ESQ HIDALGO||8344402||100| L a V  |09:00 - 16:00| | | | |-97.74189|21.191074| |^6493|PANUCO|VERACRUZ|VERACRUZ|PANUCO|null|SEBASTIAN LERDO DE TEJEDA|132|ZONA CENTRO|93990|CUAUHTÉMOC|5 DE MAYO| ||100| L a V  |09:00 - 16:00| | | | |-98.180176|22.058725| |^4609|TANTOYUCA|VERACRUZ|TANTOYUCA|TANTOYUCA|null|JOSE MARIA MORELOS|35|CENTRO|92100|FRANCISCO I MADERO|MORELOS|8932012|null|100| L a V  |09:00 - 16:00| |09:00 - 16:00| | |-98.226234|21.351845| |^479|TEMPOAL VER|VERACRUZ|TEMPOAL|TEMPOAL|null|AVENIDA HIDALGO Y EDUARDO B MARTINEZ|S/N|CENTRO|92060|EDUARDO MARTINEZ|AURELIA URIBE DE OSTOS|8940391|null|100| L a V  |09:00 - 16:00| | | | |-98.39527|21.520638| |